{"cameraMode":{"drawMode":0,"name":"Shaded","section":"Shading Mode"},"sceneLighting":true,"audioPlay":false,"sceneViewState":{"showFog":true,"showMaterialUpdate":false,"showSkybox":true,"showFlares":true,"showImageEffects":true,"showParticleSystems":true},"in2DMode":false,"pivot":{"x":0.034794144332408908,"y":-0.03547879308462143,"z":0.8274755477905273},"rotation":{"x":-0.0670839473605156,"y":0.044575631618499759,"z":-0.003004508325830102,"w":-0.9967616200447083},"size":1.6614570617675782,"orthographic":false}